<annotation>
  <folder>-face-pointing-with-index-finger-down-standing-blue-background</folder>
  <filename>-face-pointing-with-index-finger-down-standing-blue-background_141793-133983.jpg</filename>
  <source>
    <database>Unknown</database>
    <annotation>Unknown</annotation>
    <image>Unknown</image>
  </source>
  <size>
    <width>300</width>
    <height>200</height>
    <depth></depth>
  </size>
  <segmented>0</segmented>
  <object>
    <name>face</name>
    <truncated>0</truncated>
    <occluded>0</occluded>
    <difficult>0</difficult>
    <bndbox>
      <xmin>122.8</xmin>
      <ymin>10.5</ymin>
      <xmax>181.0</xmax>
      <ymax>90.99</ymax>
    </bndbox>
    <attributes>
      <attribute>
        <name>rotation</name>
        <value>0.0</value>
      </attribute>
    </attributes>
  </object>
</annotation>
