<annotation>
  <folder>0301922a15ec209b5f9572b1c85daea2--gq-style-jake-gyllenhaal</folder>
  <filename>0301922a15ec209b5f9572b1c85daea2--gq-style-jake-gyllenhaal_1.jpg</filename>
  <source>
    <database>Unknown</database>
    <annotation>Unknown</annotation>
    <image>Unknown</image>
  </source>
  <size>
    <width>232</width>
    <height>300</height>
    <depth></depth>
  </size>
  <segmented>0</segmented>
  <object>
    <name>face</name>
    <truncated>0</truncated>
    <occluded>0</occluded>
    <difficult>0</difficult>
    <bndbox>
      <xmin>71.02</xmin>
      <ymin>7.7</ymin>
      <xmax>177.0</xmax>
      <ymax>171.42</ymax>
    </bndbox>
    <attributes>
      <attribute>
        <name>rotation</name>
        <value>0.0</value>
      </attribute>
    </attributes>
  </object>
</annotation>
