<annotation>
  <folder>04f32b34e1be95f4c6fe33b17d5f890b</folder>
  <filename>04f32b34e1be95f4c6fe33b17d5f890b_1.jpg</filename>
  <source>
    <database>Unknown</database>
    <annotation>Unknown</annotation>
    <image>Unknown</image>
  </source>
  <size>
    <width>240</width>
    <height>300</height>
    <depth></depth>
  </size>
  <segmented>0</segmented>
  <object>
    <name>face</name>
    <truncated>0</truncated>
    <occluded>0</occluded>
    <difficult>0</difficult>
    <bndbox>
      <xmin>53.3</xmin>
      <ymin>3.0</ymin>
      <xmax>179.77</xmax>
      <ymax>199.62</ymax>
    </bndbox>
    <attributes>
      <attribute>
        <name>rotation</name>
        <value>0.0</value>
      </attribute>
    </attributes>
  </object>
</annotation>
