<annotation>
  <folder></folder>
  <filename>0766f6f4df1d24c06cbbefbcadd82d6d--black-and-white-photography-men-paul-fontanier.jpg</filename>
  <source>
    <database>Unknown</database>
    <annotation>Unknown</annotation>
    <image>Unknown</image>
  </source>
  <size>
    <width>208</width>
    <height>300</height>
    <depth></depth>
  </size>
  <segmented>0</segmented>
  <object>
    <name>face</name>
    <truncated>0</truncated>
    <occluded>0</occluded>
    <difficult>0</difficult>
    <bndbox>
      <xmin>33.0</xmin>
      <ymin>4.3</ymin>
      <xmax>171.24</xmax>
      <ymax>157.56</ymax>
    </bndbox>
    <attributes>
      <attribute>
        <name>rotation</name>
        <value>0.0</value>
      </attribute>
    </attributes>
  </object>
</annotation>
