<annotation>
  <folder></folder>
  <filename>0b5b594ae0c91cfb6c5719874024665d--jonathan-goldsmith-older-mens-hairstyles.jpg</filename>
  <source>
    <database>Unknown</database>
    <annotation>Unknown</annotation>
    <image>Unknown</image>
  </source>
  <size>
    <width>193</width>
    <height>300</height>
    <depth></depth>
  </size>
  <segmented>0</segmented>
  <object>
    <name>face</name>
    <truncated>0</truncated>
    <occluded>0</occluded>
    <difficult>0</difficult>
    <bndbox>
      <xmin>26.32</xmin>
      <ymin>7.9</ymin>
      <xmax>146.9</xmax>
      <ymax>182.38</ymax>
    </bndbox>
    <attributes>
      <attribute>
        <name>rotation</name>
        <value>0.0</value>
      </attribute>
    </attributes>
  </object>
</annotation>
