<annotation>
  <folder></folder>
  <filename>0e842eea175ced82876a4eee6b3504fe.jpg</filename>
  <source>
    <database>Unknown</database>
    <annotation>Unknown</annotation>
    <image>Unknown</image>
  </source>
  <size>
    <width>240</width>
    <height>300</height>
    <depth></depth>
  </size>
  <segmented>0</segmented>
  <object>
    <name>face</name>
    <truncated>0</truncated>
    <occluded>0</occluded>
    <difficult>0</difficult>
    <bndbox>
      <xmin>64.0</xmin>
      <ymin>52.3</ymin>
      <xmax>197.77</xmax>
      <ymax>230.59000000000003</ymax>
    </bndbox>
    <attributes>
      <attribute>
        <name>rotation</name>
        <value>0.0</value>
      </attribute>
    </attributes>
  </object>
</annotation>
