<annotation>
  <folder></folder>
  <filename>10191136-amanzingly-high-detailed-portrait-of-an-african-face-must-see-at-full-size-.jpg</filename>
  <source>
    <database>Unknown</database>
    <annotation>Unknown</annotation>
    <image>Unknown</image>
  </source>
  <size>
    <width>299</width>
    <height>450</height>
    <depth></depth>
  </size>
  <segmented>0</segmented>
  <object>
    <name>face</name>
    <truncated>0</truncated>
    <occluded>0</occluded>
    <difficult>0</difficult>
    <bndbox>
      <xmin>50.26</xmin>
      <ymin>27.3</ymin>
      <xmax>261.5</xmax>
      <ymax>348.37</ymax>
    </bndbox>
    <attributes>
      <attribute>
        <name>rotation</name>
        <value>0.0</value>
      </attribute>
    </attributes>
  </object>
</annotation>
