<annotation>
  <folder></folder>
  <filename>116034267-men-s-beauty-portrait-of-handsome-man-with-his-face-half-shaved-isolated-on-white.jpg</filename>
  <source>
    <database>Unknown</database>
    <annotation>Unknown</annotation>
    <image>Unknown</image>
  </source>
  <size>
    <width>300</width>
    <height>210</height>
    <depth></depth>
  </size>
  <segmented>0</segmented>
  <object>
    <name>face</name>
    <truncated>0</truncated>
    <occluded>0</occluded>
    <difficult>0</difficult>
    <bndbox>
      <xmin>91.28</xmin>
      <ymin>0.0</ymin>
      <xmax>203.8</xmax>
      <ymax>165.77</ymax>
    </bndbox>
    <attributes>
      <attribute>
        <name>rotation</name>
        <value>0.0</value>
      </attribute>
    </attributes>
  </object>
</annotation>
