<annotation>
  <folder></folder>
  <filename>154840667.jpg</filename>
  <source>
    <database>Unknown</database>
    <annotation>Unknown</annotation>
    <image>Unknown</image>
  </source>
  <size>
    <width>1001</width>
    <height>1620</height>
    <depth></depth>
  </size>
  <segmented>0</segmented>
  <object>
    <name>face</name>
    <truncated>0</truncated>
    <occluded>0</occluded>
    <difficult>0</difficult>
    <bndbox>
      <xmin>34.45</xmin>
      <ymin>80.9</ymin>
      <xmax>924.6</xmax>
      <ymax>1281.95</ymax>
    </bndbox>
    <attributes>
      <attribute>
        <name>rotation</name>
        <value>0.0</value>
      </attribute>
    </attributes>
  </object>
</annotation>
