<annotation>
  <folder></folder>
  <filename>1ab2019bed46055b731fe7e3454daebe--face-reference-drawing-reference.jpg</filename>
  <source>
    <database>Unknown</database>
    <annotation>Unknown</annotation>
    <image>Unknown</image>
  </source>
  <size>
    <width>736</width>
    <height>1103</height>
    <depth></depth>
  </size>
  <segmented>0</segmented>
  <object>
    <name>face</name>
    <truncated>0</truncated>
    <occluded>0</occluded>
    <difficult>0</difficult>
    <bndbox>
      <xmin>88.48</xmin>
      <ymin>34.4</ymin>
      <xmax>661.5</xmax>
      <ymax>719.71</ymax>
    </bndbox>
    <attributes>
      <attribute>
        <name>rotation</name>
        <value>0.0</value>
      </attribute>
    </attributes>
  </object>
</annotation>
