<annotation>
  <folder>1ab2019bed46055b731fe7e3454daebe--face-reference-drawing-reference</folder>
  <filename>1ab2019bed46055b731fe7e3454daebe--face-reference-drawing-reference_1.jpg</filename>
  <source>
    <database>Unknown</database>
    <annotation>Unknown</annotation>
    <image>Unknown</image>
  </source>
  <size>
    <width>200</width>
    <height>300</height>
    <depth></depth>
  </size>
  <segmented>0</segmented>
  <object>
    <name>face</name>
    <truncated>0</truncated>
    <occluded>0</occluded>
    <difficult>0</difficult>
    <bndbox>
      <xmin>26.47</xmin>
      <ymin>9.9</ymin>
      <xmax>179.0</xmax>
      <ymax>192.77</ymax>
    </bndbox>
    <attributes>
      <attribute>
        <name>rotation</name>
        <value>0.0</value>
      </attribute>
    </attributes>
  </object>
</annotation>
