<annotation>
  <folder>1f7c5e3c18ebf73a64d6a3c4094862ed</folder>
  <filename>1f7c5e3c18ebf73a64d6a3c4094862ed_1.jpg</filename>
  <source>
    <database>Unknown</database>
    <annotation>Unknown</annotation>
    <image>Unknown</image>
  </source>
  <size>
    <width>194</width>
    <height>300</height>
    <depth></depth>
  </size>
  <segmented>0</segmented>
  <object>
    <name>face</name>
    <truncated>0</truncated>
    <occluded>0</occluded>
    <difficult>0</difficult>
    <bndbox>
      <xmin>25.0</xmin>
      <ymin>8.4</ymin>
      <xmax>141.35</xmax>
      <ymax>163.53</ymax>
    </bndbox>
    <attributes>
      <attribute>
        <name>rotation</name>
        <value>0.0</value>
      </attribute>
    </attributes>
  </object>
</annotation>
