<annotation>
  <folder>1jWx9suY2k3Ifq4B8A</folder>
  <filename>1jWx9suY2k3Ifq4B8A_vz9g_1.jpeg</filename>
  <source>
    <database>Unknown</database>
    <annotation>Unknown</annotation>
    <image>Unknown</image>
  </source>
  <size>
    <width>240</width>
    <height>300</height>
    <depth></depth>
  </size>
  <segmented>0</segmented>
  <object>
    <name>face</name>
    <truncated>0</truncated>
    <occluded>0</occluded>
    <difficult>0</difficult>
    <bndbox>
      <xmin>36.4</xmin>
      <ymin>2.0</ymin>
      <xmax>196.98</xmax>
      <ymax>194.99</ymax>
    </bndbox>
    <attributes>
      <attribute>
        <name>rotation</name>
        <value>0.0</value>
      </attribute>
    </attributes>
  </object>
</annotation>
