<annotation>
  <folder>2022-03-23T230437Z</folder>
  <filename>2022-03-23T230437Z_1642350342_RC2L8T9EUT1G_RTRMADP_3_USA-COURT-JACKSON-1024x683.jpg</filename>
  <source>
    <database>Unknown</database>
    <annotation>Unknown</annotation>
    <image>Unknown</image>
  </source>
  <size>
    <width>1024</width>
    <height>683</height>
    <depth></depth>
  </size>
  <segmented>0</segmented>
  <object>
    <name>face</name>
    <truncated>0</truncated>
    <occluded>0</occluded>
    <difficult>0</difficult>
    <bndbox>
      <xmin>458.72</xmin>
      <ymin>49.1</ymin>
      <xmax>826.6</xmax>
      <ymax>476.33</ymax>
    </bndbox>
    <attributes>
      <attribute>
        <name>rotation</name>
        <value>0.0</value>
      </attribute>
    </attributes>
  </object>
</annotation>
