<annotation>
  <folder></folder>
  <filename>2605f1c98413e2b78c33c3ad73d31c20--black-girls-run-black-women.jpg</filename>
  <source>
    <database>Unknown</database>
    <annotation>Unknown</annotation>
    <image>Unknown</image>
  </source>
  <size>
    <width>398</width>
    <height>594</height>
    <depth></depth>
  </size>
  <segmented>0</segmented>
  <object>
    <name>face</name>
    <truncated>0</truncated>
    <occluded>0</occluded>
    <difficult>0</difficult>
    <bndbox>
      <xmin>183.0</xmin>
      <ymin>21.6</ymin>
      <xmax>301.49</xmax>
      <ymax>171.43</ymax>
    </bndbox>
    <attributes>
      <attribute>
        <name>rotation</name>
        <value>0.0</value>
      </attribute>
    </attributes>
  </object>
</annotation>
