<annotation>
  <folder>26d37323ac58a80c659cdeecbd718d42--glamour-photography-amazing-photography</folder>
  <filename>26d37323ac58a80c659cdeecbd718d42--glamour-photography-amazing-photography_1.jpg</filename>
  <source>
    <database>Unknown</database>
    <annotation>Unknown</annotation>
    <image>Unknown</image>
  </source>
  <size>
    <width>474</width>
    <height>711</height>
    <depth></depth>
  </size>
  <segmented>0</segmented>
  <object>
    <name>face</name>
    <truncated>0</truncated>
    <occluded>0</occluded>
    <difficult>0</difficult>
    <bndbox>
      <xmin>25.7</xmin>
      <ymin>23.6</ymin>
      <xmax>407.35</xmax>
      <ymax>443.0</ymax>
    </bndbox>
    <attributes>
      <attribute>
        <name>rotation</name>
        <value>0.0</value>
      </attribute>
    </attributes>
  </object>
</annotation>
