<annotation>
  <folder>31c6b5c0eb4012439c2713d5ec60569e</folder>
  <filename>31c6b5c0eb4012439c2713d5ec60569e_1.jpg</filename>
  <source>
    <database>Unknown</database>
    <annotation>Unknown</annotation>
    <image>Unknown</image>
  </source>
  <size>
    <width>750</width>
    <height>1003</height>
    <depth></depth>
  </size>
  <segmented>0</segmented>
  <object>
    <name>face</name>
    <truncated>0</truncated>
    <occluded>0</occluded>
    <difficult>0</difficult>
    <bndbox>
      <xmin>175.77</xmin>
      <ymin>5.3</ymin>
      <xmax>676.0</xmax>
      <ymax>638.67</ymax>
    </bndbox>
    <attributes>
      <attribute>
        <name>rotation</name>
        <value>0.0</value>
      </attribute>
    </attributes>
  </object>
</annotation>
