<annotation>
  <folder></folder>
  <filename>34566880-beautiful-african-american-woman-face-black-people-isolated-over-white-background.jpg</filename>
  <source>
    <database>Unknown</database>
    <annotation>Unknown</annotation>
    <image>Unknown</image>
  </source>
  <size>
    <width>866</width>
    <height>1300</height>
    <depth></depth>
  </size>
  <segmented>0</segmented>
  <object>
    <name>face</name>
    <truncated>0</truncated>
    <occluded>0</occluded>
    <difficult>0</difficult>
    <bndbox>
      <xmin>166.7</xmin>
      <ymin>96.3</ymin>
      <xmax>743.2</xmax>
      <ymax>820.87</ymax>
    </bndbox>
    <attributes>
      <attribute>
        <name>rotation</name>
        <value>0.0</value>
      </attribute>
    </attributes>
  </object>
</annotation>
