<annotation>
  <folder></folder>
  <filename>388fd3d4a22b482dc09e4d9c03e88a35.jpg</filename>
  <source>
    <database>Unknown</database>
    <annotation>Unknown</annotation>
    <image>Unknown</image>
  </source>
  <size>
    <width>200</width>
    <height>300</height>
    <depth></depth>
  </size>
  <segmented>0</segmented>
  <object>
    <name>face</name>
    <truncated>0</truncated>
    <occluded>0</occluded>
    <difficult>0</difficult>
    <bndbox>
      <xmin>33.87</xmin>
      <ymin>40.1</ymin>
      <xmax>187.2</xmax>
      <ymax>201.63</ymax>
    </bndbox>
    <attributes>
      <attribute>
        <name>rotation</name>
        <value>0.0</value>
      </attribute>
    </attributes>
  </object>
</annotation>
