<annotation>
  <folder>3d70f55e9125b7335fbd7d167917fab6--mC3A4nnliche-models-french-models</folder>
  <filename>3d70f55e9125b7335fbd7d167917fab6--mC3A4nnliche-models-french-models_1.jpg</filename>
  <source>
    <database>Unknown</database>
    <annotation>Unknown</annotation>
    <image>Unknown</image>
  </source>
  <size>
    <width>200</width>
    <height>300</height>
    <depth></depth>
  </size>
  <segmented>0</segmented>
  <object>
    <name>face</name>
    <truncated>0</truncated>
    <occluded>0</occluded>
    <difficult>0</difficult>
    <bndbox>
      <xmin>37.6</xmin>
      <ymin>13.8</ymin>
      <xmax>159.38</xmax>
      <ymax>197.25</ymax>
    </bndbox>
    <attributes>
      <attribute>
        <name>rotation</name>
        <value>0.0</value>
      </attribute>
    </attributes>
  </object>
</annotation>
