<annotation>
  <folder></folder>
  <filename>3e2e8c6fa626636eb4e8bdfe78edab3b--redhead-girl-beautiful-redhead.jpg</filename>
  <source>
    <database>Unknown</database>
    <annotation>Unknown</annotation>
    <image>Unknown</image>
  </source>
  <size>
    <width>215</width>
    <height>300</height>
    <depth></depth>
  </size>
  <segmented>0</segmented>
  <object>
    <name>face</name>
    <truncated>0</truncated>
    <occluded>0</occluded>
    <difficult>0</difficult>
    <bndbox>
      <xmin>49.62</xmin>
      <ymin>10.7</ymin>
      <xmax>162.82</xmax>
      <ymax>210.59</ymax>
    </bndbox>
    <attributes>
      <attribute>
        <name>rotation</name>
        <value>0.0</value>
      </attribute>
    </attributes>
  </object>
</annotation>
