<annotation>
  <folder></folder>
  <filename>40-years-old-black-man-s-portrait-in-greenwich-park-5-june-2005-london-ABJP61.jpg</filename>
  <source>
    <database>Unknown</database>
    <annotation>Unknown</annotation>
    <image>Unknown</image>
  </source>
  <size>
    <width>869</width>
    <height>1390</height>
    <depth></depth>
  </size>
  <segmented>0</segmented>
  <object>
    <name>face</name>
    <truncated>0</truncated>
    <occluded>0</occluded>
    <difficult>0</difficult>
    <bndbox>
      <xmin>284.3</xmin>
      <ymin>48.2</ymin>
      <xmax>685.23</xmax>
      <ymax>784.27</ymax>
    </bndbox>
    <attributes>
      <attribute>
        <name>rotation</name>
        <value>0.0</value>
      </attribute>
    </attributes>
  </object>
</annotation>
