<annotation>
  <folder>46202aee3d56bf2e8b8a3c65af60235c</folder>
  <filename>46202aee3d56bf2e8b8a3c65af60235c_1.jpg</filename>
  <source>
    <database>Unknown</database>
    <annotation>Unknown</annotation>
    <image>Unknown</image>
  </source>
  <size>
    <width>564</width>
    <height>846</height>
    <depth></depth>
  </size>
  <segmented>0</segmented>
  <object>
    <name>face</name>
    <truncated>0</truncated>
    <occluded>0</occluded>
    <difficult>0</difficult>
    <bndbox>
      <xmin>52.4</xmin>
      <ymin>13.5</ymin>
      <xmax>485.98</xmax>
      <ymax>649.63</ymax>
    </bndbox>
    <attributes>
      <attribute>
        <name>rotation</name>
        <value>0.0</value>
      </attribute>
    </attributes>
  </object>
</annotation>
