<annotation>
  <folder>49a33d6c31203ce4d7e617bc39c36ac0cf6b0b46</folder>
  <filename>49a33d6c31203ce4d7e617bc39c36ac0cf6b0b46_m.jpeg</filename>
  <source>
    <database>Unknown</database>
    <annotation>Unknown</annotation>
    <image>Unknown</image>
  </source>
  <size>
    <width>225</width>
    <height>300</height>
    <depth></depth>
  </size>
  <segmented>0</segmented>
  <object>
    <name>face</name>
    <truncated>0</truncated>
    <occluded>0</occluded>
    <difficult>0</difficult>
    <bndbox>
      <xmin>30.4</xmin>
      <ymin>4.9</ymin>
      <xmax>191.78</xmax>
      <ymax>237.65</ymax>
    </bndbox>
    <attributes>
      <attribute>
        <name>rotation</name>
        <value>0.0</value>
      </attribute>
    </attributes>
  </object>
</annotation>
