<annotation>
  <folder></folder>
  <filename>4b06fc46ceadf0d8ad8c896ebf8d9c12--vogue-hommes-bruce-weber.jpg</filename>
  <source>
    <database>Unknown</database>
    <annotation>Unknown</annotation>
    <image>Unknown</image>
  </source>
  <size>
    <width>232</width>
    <height>300</height>
    <depth></depth>
  </size>
  <segmented>0</segmented>
  <object>
    <name>face</name>
    <truncated>0</truncated>
    <occluded>0</occluded>
    <difficult>0</difficult>
    <bndbox>
      <xmin>69.2</xmin>
      <ymin>25.5</ymin>
      <xmax>201.84999999999997</xmax>
      <ymax>196.41</ymax>
    </bndbox>
    <attributes>
      <attribute>
        <name>rotation</name>
        <value>0.0</value>
      </attribute>
    </attributes>
  </object>
</annotation>
