<annotation>
  <folder></folder>
  <filename>4edfc5879ce20f4f46e90bec49ada963--fit-females-sporty-girls.jpg</filename>
  <source>
    <database>Unknown</database>
    <annotation>Unknown</annotation>
    <image>Unknown</image>
  </source>
  <size>
    <width>378</width>
    <height>594</height>
    <depth></depth>
  </size>
  <segmented>0</segmented>
  <object>
    <name>face</name>
    <truncated>0</truncated>
    <occluded>0</occluded>
    <difficult>0</difficult>
    <bndbox>
      <xmin>154.77</xmin>
      <ymin>37.7</ymin>
      <xmax>228.3</xmax>
      <ymax>144.52</ymax>
    </bndbox>
    <attributes>
      <attribute>
        <name>rotation</name>
        <value>0.0</value>
      </attribute>
    </attributes>
  </object>
</annotation>
