<annotation>
  <folder></folder>
  <filename>4fae41f2f082f99a6358c62096c48676.jpg</filename>
  <source>
    <database>Unknown</database>
    <annotation>Unknown</annotation>
    <image>Unknown</image>
  </source>
  <size>
    <width>225</width>
    <height>300</height>
    <depth></depth>
  </size>
  <segmented>0</segmented>
  <object>
    <name>face</name>
    <truncated>0</truncated>
    <occluded>0</occluded>
    <difficult>0</difficult>
    <bndbox>
      <xmin>36.2</xmin>
      <ymin>9.1</ymin>
      <xmax>175.59999999999997</xmax>
      <ymax>209.75</ymax>
    </bndbox>
    <attributes>
      <attribute>
        <name>rotation</name>
        <value>0.0</value>
      </attribute>
    </attributes>
  </object>
</annotation>
