<annotation>
  <folder>514907f1b3ab157da88782c9eb2457a4</folder>
  <filename>514907f1b3ab157da88782c9eb2457a4_1.jpg</filename>
  <source>
    <database>Unknown</database>
    <annotation>Unknown</annotation>
    <image>Unknown</image>
  </source>
  <size>
    <width>466</width>
    <height>698</height>
    <depth></depth>
  </size>
  <segmented>0</segmented>
  <object>
    <name>face</name>
    <truncated>0</truncated>
    <occluded>0</occluded>
    <difficult>0</difficult>
    <bndbox>
      <xmin>92.5</xmin>
      <ymin>39.8</ymin>
      <xmax>428.12</xmax>
      <ymax>409.84</ymax>
    </bndbox>
    <attributes>
      <attribute>
        <name>rotation</name>
        <value>0.0</value>
      </attribute>
    </attributes>
  </object>
</annotation>
