<annotation>
  <folder>51ed6b8cc95501e7a7ce2a4f53136249</folder>
  <filename>51ed6b8cc95501e7a7ce2a4f53136249_1.jpg</filename>
  <source>
    <database>Unknown</database>
    <annotation>Unknown</annotation>
    <image>Unknown</image>
  </source>
  <size>
    <width>169</width>
    <height>300</height>
    <depth></depth>
  </size>
  <segmented>0</segmented>
  <object>
    <name>face</name>
    <truncated>0</truncated>
    <occluded>0</occluded>
    <difficult>0</difficult>
    <bndbox>
      <xmin>24.3</xmin>
      <ymin>27.6</ymin>
      <xmax>144.96</xmax>
      <ymax>213.84</ymax>
    </bndbox>
    <attributes>
      <attribute>
        <name>rotation</name>
        <value>0.0</value>
      </attribute>
    </attributes>
  </object>
</annotation>
