<annotation>
  <folder>5cb0c61385a1ad5b4a1da7a9d8dec653</folder>
  <filename>5cb0c61385a1ad5b4a1da7a9d8dec653_1.jpg</filename>
  <source>
    <database>Unknown</database>
    <annotation>Unknown</annotation>
    <image>Unknown</image>
  </source>
  <size>
    <width>212</width>
    <height>300</height>
    <depth></depth>
  </size>
  <segmented>0</segmented>
  <object>
    <name>face</name>
    <truncated>0</truncated>
    <occluded>0</occluded>
    <difficult>0</difficult>
    <bndbox>
      <xmin>50.21</xmin>
      <ymin>6.0</ymin>
      <xmax>153.1</xmax>
      <ymax>165.26</ymax>
    </bndbox>
    <attributes>
      <attribute>
        <name>rotation</name>
        <value>0.0</value>
      </attribute>
    </attributes>
  </object>
</annotation>
