<annotation>
  <folder>61ddc1674e5db83c1072cd80</folder>
  <filename>61ddc1674e5db83c1072cd80_Iman17744DONNIXON20copy.jpg</filename>
  <source>
    <database>Unknown</database>
    <annotation>Unknown</annotation>
    <image>Unknown</image>
  </source>
  <size>
    <width>4480</width>
    <height>6720</height>
    <depth></depth>
  </size>
  <segmented>0</segmented>
  <object>
    <name>face</name>
    <truncated>0</truncated>
    <occluded>0</occluded>
    <difficult>0</difficult>
    <bndbox>
      <xmin>48.74</xmin>
      <ymin>306.6</ymin>
      <xmax>3376.6</xmax>
      <ymax>5797.16</ymax>
    </bndbox>
    <attributes>
      <attribute>
        <name>rotation</name>
        <value>0.0</value>
      </attribute>
    </attributes>
  </object>
</annotation>
