<annotation>
  <folder>6bee08c43a5afbc8fb10a98a5b7a4b4c</folder>
  <filename>6bee08c43a5afbc8fb10a98a5b7a4b4c_1.jpg</filename>
  <source>
    <database>Unknown</database>
    <annotation>Unknown</annotation>
    <image>Unknown</image>
  </source>
  <size>
    <width>169</width>
    <height>300</height>
    <depth></depth>
  </size>
  <segmented>0</segmented>
  <object>
    <name>face</name>
    <truncated>0</truncated>
    <occluded>0</occluded>
    <difficult>0</difficult>
    <bndbox>
      <xmin>16.11</xmin>
      <ymin>5.3</ymin>
      <xmax>146.8</xmax>
      <ymax>187.01</ymax>
    </bndbox>
    <attributes>
      <attribute>
        <name>rotation</name>
        <value>0.0</value>
      </attribute>
    </attributes>
  </object>
</annotation>
