<annotation>
  <folder>6d0a89f6d45ff6739ca4aadc378e803a</folder>
  <filename>6d0a89f6d45ff6739ca4aadc378e803a_1.jpg</filename>
  <source>
    <database>Unknown</database>
    <annotation>Unknown</annotation>
    <image>Unknown</image>
  </source>
  <size>
    <width>200</width>
    <height>300</height>
    <depth></depth>
  </size>
  <segmented>0</segmented>
  <object>
    <name>face</name>
    <truncated>0</truncated>
    <occluded>0</occluded>
    <difficult>0</difficult>
    <bndbox>
      <xmin>23.31</xmin>
      <ymin>22.4</ymin>
      <xmax>183.2</xmax>
      <ymax>202.26</ymax>
    </bndbox>
    <attributes>
      <attribute>
        <name>rotation</name>
        <value>0.0</value>
      </attribute>
    </attributes>
  </object>
</annotation>
