<annotation>
  <folder>6e50dd73be1d07c3df305ca8c9b2b0a0</folder>
  <filename>6e50dd73be1d07c3df305ca8c9b2b0a0_1.jpg</filename>
  <source>
    <database>Unknown</database>
    <annotation>Unknown</annotation>
    <image>Unknown</image>
  </source>
  <size>
    <width>200</width>
    <height>300</height>
    <depth></depth>
  </size>
  <segmented>0</segmented>
  <object>
    <name>face</name>
    <truncated>0</truncated>
    <occluded>0</occluded>
    <difficult>0</difficult>
    <bndbox>
      <xmin>28.5</xmin>
      <ymin>14.0</ymin>
      <xmax>172.45</xmax>
      <ymax>210.23</ymax>
    </bndbox>
    <attributes>
      <attribute>
        <name>rotation</name>
        <value>0.0</value>
      </attribute>
    </attributes>
  </object>
</annotation>
