<annotation>
  <folder>7c62b5175ac9e144ad08fc892ef29ea5--nicholas-dagosto-male-models</folder>
  <filename>7c62b5175ac9e144ad08fc892ef29ea5--nicholas-dagosto-male-models_1.jpg</filename>
  <source>
    <database>Unknown</database>
    <annotation>Unknown</annotation>
    <image>Unknown</image>
  </source>
  <size>
    <width>225</width>
    <height>300</height>
    <depth></depth>
  </size>
  <segmented>0</segmented>
  <object>
    <name>face</name>
    <truncated>0</truncated>
    <occluded>0</occluded>
    <difficult>0</difficult>
    <bndbox>
      <xmin>44.0</xmin>
      <ymin>0.7</ymin>
      <xmax>190.39</xmax>
      <ymax>193.21</ymax>
    </bndbox>
    <attributes>
      <attribute>
        <name>rotation</name>
        <value>0.0</value>
      </attribute>
    </attributes>
  </object>
</annotation>
