<annotation>
  <folder>7fd3b397d62c043025fa7177e9fbc171</folder>
  <filename>7fd3b397d62c043025fa7177e9fbc171_2.jpg</filename>
  <source>
    <database>Unknown</database>
    <annotation>Unknown</annotation>
    <image>Unknown</image>
  </source>
  <size>
    <width>247</width>
    <height>300</height>
    <depth></depth>
  </size>
  <segmented>0</segmented>
  <object>
    <name>face</name>
    <truncated>0</truncated>
    <occluded>0</occluded>
    <difficult>0</difficult>
    <bndbox>
      <xmin>15.32</xmin>
      <ymin>12.6</ymin>
      <xmax>243.0</xmax>
      <ymax>270.59</ymax>
    </bndbox>
    <attributes>
      <attribute>
        <name>rotation</name>
        <value>0.0</value>
      </attribute>
    </attributes>
  </object>
</annotation>
