<annotation>
  <folder>81f86c18b9fb887317e13995fbf6cc1f</folder>
  <filename>81f86c18b9fb887317e13995fbf6cc1f_1.jpg</filename>
  <source>
    <database>Unknown</database>
    <annotation>Unknown</annotation>
    <image>Unknown</image>
  </source>
  <size>
    <width>736</width>
    <height>1105</height>
    <depth></depth>
  </size>
  <segmented>0</segmented>
  <object>
    <name>face</name>
    <truncated>0</truncated>
    <occluded>0</occluded>
    <difficult>0</difficult>
    <bndbox>
      <xmin>163.0</xmin>
      <ymin>240.2</ymin>
      <xmax>621.07</xmax>
      <ymax>851.8</ymax>
    </bndbox>
    <attributes>
      <attribute>
        <name>rotation</name>
        <value>0.0</value>
      </attribute>
    </attributes>
  </object>
</annotation>
