<annotation>
  <folder>8462bd6168646e5b3d41925caf80d755</folder>
  <filename>8462bd6168646e5b3d41925caf80d755_1.jpg</filename>
  <source>
    <database>Unknown</database>
    <annotation>Unknown</annotation>
    <image>Unknown</image>
  </source>
  <size>
    <width>216</width>
    <height>300</height>
    <depth></depth>
  </size>
  <segmented>0</segmented>
  <object>
    <name>face</name>
    <truncated>0</truncated>
    <occluded>0</occluded>
    <difficult>0</difficult>
    <bndbox>
      <xmin>34.0</xmin>
      <ymin>15.0</ymin>
      <xmax>177.22</xmax>
      <ymax>215.37</ymax>
    </bndbox>
    <attributes>
      <attribute>
        <name>rotation</name>
        <value>0.0</value>
      </attribute>
    </attributes>
  </object>
</annotation>
