<annotation>
  <folder>8648</folder>
  <filename>8648_888d3233b20c47b6dde14fbf587abef9474479fcc4ba8a339496c72cd6d90b03.jpeg</filename>
  <source>
    <database>Unknown</database>
    <annotation>Unknown</annotation>
    <image>Unknown</image>
  </source>
  <size>
    <width>300</width>
    <height>298</height>
    <depth></depth>
  </size>
  <segmented>0</segmented>
  <object>
    <name>face</name>
    <truncated>0</truncated>
    <occluded>0</occluded>
    <difficult>0</difficult>
    <bndbox>
      <xmin>8.0</xmin>
      <ymin>6.1</ymin>
      <xmax>263.26</xmax>
      <ymax>295.18</ymax>
    </bndbox>
    <attributes>
      <attribute>
        <name>rotation</name>
        <value>0.0</value>
      </attribute>
    </attributes>
  </object>
</annotation>
